Date,Open,High,Low,Close,Adj Close,Volume
19/03/2015,261,273.75,235,256,243.554703,238772753
20/03/2015,262,269.345001,260,265.5,252.59288,15567088
23/03/2015,266.5,266.5,260,265,252.117249,5039046
24/03/2015,264.75,267,261.5,265,252.117249,5224212
25/03/2015,266.5,266.5,259.812988,260.75,248.073822,3343624
26/03/2015,260.75,260.75,256,257,244.506119,2962512
27/03/2015,260,262.75,250,252.5,240.224869,4256038
30/03/2015,255,256,250.25,254.5,242.12764,2613120
31/03/2015,256.75,259.75,249.600006,251.75,239.511353,5343378
01/04/2015,251.75,260,251.75,259,246.408875,4901229
02/04/2015,264.25,265,258.25,263,250.214417,2409818
07/04/2015,265,270,262.5,267.25,254.257813,975170
08/04/2015,268.25,269,263,263.5,250.690094,538798
09/04/2015,266,266.644012,263,264.5,251.64151,657706
10/04/2015,266,270,260.5,266.5,253.544312,549407
13/04/2015,268,271,265,270.5,257.349792,1422670
14/04/2015,272,276,270,273,259.728302,1306505
15/04/2015,272.25,273.5,266.75,271,257.825562,625439
16/04/2015,274.75,274.75,270,271,257.825562,272191
17/04/2015,270.75,274.5,270,272.75,259.490448,1206612
20/04/2015,270,275,270,274,260.679657,2817255
21/04/2015,275,275,269.5,270.5,257.349792,857066
22/04/2015,266.25,270,265,265.75,252.830719,386219
23/04/2015,265.25,265.75,260.25,262,249.263062,765156
24/04/2015,256.5,272,256.5,270,256.874146,2632958
27/04/2015,273.75,279.5,272.75,279.5,265.912354,1836756
28/04/2015,279.75,280,272.5,274.75,261.39325,2715407
29/04/2015,280,280,270.75,271.5,258.301208,3613181
30/04/2015,270,273,269.5,272,258.776917,539058
01/05/2015,272.75,276.25,268,270,256.874146,1698759
05/05/2015,277,277,269,273.5,260.203979,1079229
06/05/2015,267,275,267,274.25,260.917511,1998767
07/05/2015,275,277,261.75,269,255.922729,1626453
08/05/2015,272,277.25,270.25,275,261.631073,804071
11/05/2015,275,285,272.5,284.5,270.669159,2961227
12/05/2015,284.5,292,284,288,273.999023,3633656
13/05/2015,292.75,293.75,285.950012,290,275.901855,4239964
14/05/2015,291,296,291,295.5,281.13446,3105923
15/05/2015,299,299,288.25,293.75,279.469513,1572053
18/05/2015,288.5,293.937012,285,287.5,273.523376,972490
19/05/2015,287.75,289.75,282,287.25,273.285553,983704
20/05/2015,287,290,287,287.75,273.7612,1020866
21/05/2015,294.5,294.5,286.809998,287.75,273.7612,1909515
22/05/2015,295,295,287.5,288,273.999023,556338
26/05/2015,288.5,293.059998,283,284.75,270.907043,1378711
27/05/2015,292.5,292.5,282.5,284.5,270.669159,646633
28/05/2015,289.5,289.5,283.75,286,272.096252,766301
29/05/2015,286,286,280.75,284.25,270.431335,746920
01/06/2015,284,286.880005,280.25,285,271.144928,1167857
02/06/2015,287,287.25,283,287.25,273.285553,1377242
03/06/2015,288.5,289,284.75,289,274.95047,1305183
04/06/2015,286.5,292,286,287.25,273.285553,1195599
05/06/2015,287.5,292.5,285,288.5,274.474792,1123536
08/06/2015,285.75,291.25,282.75,287.75,273.7612,720211
09/06/2015,289,293,285.75,290.75,276.615417,919100
10/06/2015,291.75,295,290,294,279.707367,938084
11/06/2015,289,298,288,296.5,282.085876,1352557
12/06/2015,291.5,300,291.5,297.25,282.799377,1552205
15/06/2015,299.75,309,294.25,303.5,288.745514,5494527
16/06/2015,305.25,305.25,299.25,299.75,285.177826,1190284
17/06/2015,302.5,305,299,301,286.367065,2492336
18/06/2015,304,309.5,303,308,293.026733,7139224
19/06/2015,315,334.75,302.75,305.5,290.648346,35896276
22/06/2015,310,313,303.100006,307.600006,292.64624,2348641
23/06/2015,311.5,317.700012,309,315.700012,300.352448,1954537
24/06/2015,318,320.473999,313.399994,314.299988,299.020477,730006
25/06/2015,314.299988,318.100006,309.179993,314.799988,299.496155,1192155
26/06/2015,312,316.5,306,311.5,296.356598,1070179
29/06/2015,307.700012,314.200012,303.799988,305.5,290.648346,726877
30/06/2015,303.799988,307.899994,303.100006,304.899994,290.077484,1346201
01/07/2015,305.299988,307.5,302.200012,304.200012,289.41153,3151349
02/07/2015,303.5,306.299988,303.5,306.299988,291.409424,3442884
03/07/2015,311.799988,321.600006,311.399994,319.700012,304.15799,2346517
06/07/2015,315.600006,318.5,313.200012,315.200012,299.876801,802420
07/07/2015,317,319.200012,308.200012,309.700012,294.644104,963439
08/07/2015,314.5,314.5,297.100006,298.399994,283.893463,1070584
09/07/2015,299.700012,306.399994,296.899994,303.200012,288.460114,5263613
10/07/2015,307.700012,318.899994,305.429993,315.899994,300.542725,2865477
13/07/2015,320,322,314.700012,321.600006,305.965607,1680322
14/07/2015,320,324,319.200012,322.700012,307.012207,1813779
15/07/2015,324,324,320,321.299988,305.680267,2329003
16/07/2015,324,324.200012,320,322,306.346191,1385521
17/07/2015,324,324.5,320.600006,323,307.297546,418067
20/07/2015,324.600006,327.200012,319,319.700012,304.15799,721928
21/07/2015,321.299988,324.799988,318.799988,322.799988,307.107269,889972
22/07/2015,322.5,325.899994,319.899994,321.299988,305.680267,1638388
23/07/2015,325.399994,326.829987,318.799988,322.5,306.821838,2361241
24/07/2015,320.600006,333.399994,320,332.200012,316.050323,2389069
27/07/2015,331.899994,336.100006,327.399994,331,314.908661,2719122
28/07/2015,333.5,334.700012,325.980011,327.100006,311.198242,1150572
29/07/2015,330.299988,340.299988,327,336.5,320.141327,4693887
30/07/2015,335.100006,338.799988,330.5,335.200012,318.90448,1272465
31/07/2015,338,343.76001,334.299988,339.299988,322.805145,1765330
03/08/2015,336.299988,347.299988,336.200012,344.600006,327.847504,976304
04/08/2015,345.899994,356.5,345.731995,354,336.790558,1111566
05/08/2015,352.600006,355.600006,346,350.5,333.460693,1603796
06/08/2015,348.5,354.100006,347.950012,350.899994,333.841217,1877159
07/08/2015,351.200012,352.700012,344.700012,346.799988,329.940491,1167146
10/08/2015,346.600006,354,344.700012,351.5,334.412079,822391
11/08/2015,351.399994,356.299988,346.5,353.600006,336.409943,1486267
12/08/2015,352.799988,353,347.100006,347.600006,330.701691,1535195
13/08/2015,350.600006,359.200012,348.700012,350.700012,333.65097,887018
14/08/2015,350,354.399994,348.5,349.200012,332.223877,1382332
17/08/2015,351.299988,358.299988,350.799988,358,340.5961,764007
18/08/2015,358.899994,358.899994,352.079987,355,337.741974,818552
19/08/2015,354.799988,362.128998,351.5,359.799988,342.308563,2000582
20/08/2015,357.299988,360.48999,355.899994,356,338.693268,841941
21/08/2015,353.899994,356.600006,345.799988,345.799988,328.989166,691901
24/08/2015,338.200012,338.200012,312.700012,329.700012,313.671906,2090494
25/08/2015,332.600006,350.600006,323,348.700012,331.748199,1784366
26/08/2015,341.299988,347.100006,333.299988,334.5,318.238525,4543749
27/08/2015,342,344.899994,339.200012,343.299988,326.610657,2626755
28/08/2015,344.399994,347.299988,339.899994,341.600006,324.993378,1744589
01/09/2015,334.600006,344.100006,334.600006,339,322.519775,2671480
02/09/2015,341.700012,346.399994,337.100006,338,321.568329,1087601
03/09/2015,342.299988,343.660004,337,337,320.616943,8389402
04/09/2015,338.700012,340.399994,333,338.700012,322.234344,1520666
07/09/2015,339.5,342,337.899994,340.700012,324.137146,528585
08/09/2015,340.899994,341.5,335.5,336,319.665588,5253042
09/09/2015,342.5,342.5,335.299988,338.899994,322.424591,2185595
10/09/2015,334.5,339.899994,333.799988,335.200012,318.90448,944374
11/09/2015,337.100006,337.100006,327.200012,332.200012,316.050323,1112875
14/09/2015,335.600006,335.600006,320.5,325.200012,309.390625,1299654
15/09/2015,326.5,333,326.5,329,313.00589,828850
16/09/2015,329.600006,330.700012,325,330,313.957275,1242796
17/09/2015,331.200012,333.299988,329.5,331.799988,315.6698,1213113
18/09/2015,329,340,327.399994,332,315.859985,16776623
21/09/2015,330,341.200012,329,334.399994,318.143341,886675
22/09/2015,333.399994,334.5,321.100006,322.899994,307.202423,2343080
23/09/2015,321.700012,329.899994,319.299988,328,312.054504,1398655
24/09/2015,328,335,326.200012,332.200012,316.050323,1616450
25/09/2015,335.799988,336.799988,327,331.200012,315.098969,1884477
28/09/2015,328.100006,337.399994,326.200012,328.5,312.530151,1071508
29/09/2015,325.100006,333.399994,324.799988,328,312.054504,697814
30/09/2015,333,341.380005,332.700012,339.100006,322.614838,1864747
01/10/2015,340.600006,344.299988,337.399994,339.899994,323.376007,1801076
02/10/2015,339.100006,342.227997,332.200012,334.600006,318.333679,1605744
05/10/2015,336.700012,350,336.700012,349.799988,332.794678,883227
06/10/2015,348.799988,349.619995,341.200012,348,331.082245,1179526
07/10/2015,347.100006,349,332.600006,337,320.616943,1560427
08/10/2015,335.200012,342.899994,334.399994,340.899994,324.327362,1108621
09/10/2015,341.700012,343,324.100006,325.5,309.676025,2137084
12/10/2015,327.5,327.899994,319,320.5,304.919128,1803327
13/10/2015,321.100006,335.700012,321.100006,332.100006,315.95517,2497040
14/10/2015,331.700012,351.899994,330.100006,346.700012,329.845428,1732170
15/10/2015,346.899994,357.600006,342.899994,356.899994,339.549561,1688915
16/10/2015,356.799988,366.799988,354.5,360.799988,343.259949,2058338
19/10/2015,364,365,356.399994,362.899994,345.257843,1165164
20/10/2015,363.5,375.600006,362.484009,374,355.818237,2795430
21/10/2015,375,379.600006,368.899994,374,355.818237,2408508
22/10/2015,372.899994,379,370.799988,375.5,357.2453,1777686
23/10/2015,377,390.899994,373.5,390,371.040375,2011316
26/10/2015,390.700012,390.700012,382.200012,386.299988,367.520264,1571564
27/10/2015,385.700012,385.700012,379.299988,381,362.477905,2050972
28/10/2015,381,391.799988,380.100006,384.799988,366.093201,5468768
29/10/2015,384.799988,388.899994,382.700012,388.200012,369.327942,3161788
30/10/2015,390,390.399994,382,389,370.088989,2014218
02/11/2015,388.899994,389.399994,386,387.799988,368.947327,1406813
03/11/2015,385.700012,385.700012,379.299988,382.200012,363.619598,1532779
04/11/2015,382.200012,386.799988,379.200012,379.899994,361.431396,1405402
05/11/2015,381.200012,382.399994,376.700012,380.200012,361.716827,2182630
06/11/2015,379.5,389.600006,378.200012,387.600006,368.75705,3242072
09/11/2015,385.899994,390.600006,383.299988,385.5,366.759155,1175468
10/11/2015,387.600006,387.600006,379.100006,381.100006,362.57309,1971784
11/11/2015,379.899994,379.899994,373.399994,373.700012,355.532837,2896810
12/11/2015,374.600006,375.600006,361.100006,367,349.158539,3746006
13/11/2015,375,388.779999,371.100006,376.600006,358.29187,4393667
16/11/2015,375.200012,382.399994,371.899994,380.5,362.002228,4651485
17/11/2015,385.399994,388.899994,382.299988,386,367.234924,5269540
18/11/2015,386.399994,390,385.108002,389.899994,370.945251,3500879
19/11/2015,391,394.5,387.100006,387.899994,369.042511,5551852
20/11/2015,392.200012,393.019989,385.200012,387.200012,368.376556,2657562
23/11/2015,388,393.200012,381.700012,393,373.894623,4091925
24/11/2015,393.600006,397.600006,388.799988,391.600006,372.562622,3025682
25/11/2015,393,397.799988,390.5,397.5,378.175812,3230603
26/11/2015,398,400,393.5,397.899994,378.556366,1874339
27/11/2015,394.5,400.200012,391.799988,400,380.55426,3302003
30/11/2015,399.200012,409,397.200012,406.299988,386.547943,54663392
01/12/2015,409.200012,418.5,407.100006,416,395.776489,4226911
02/12/2015,418.299988,419.600006,414.600006,418.5,398.154907,2747609
03/12/2015,422.399994,428.700012,419,419.799988,399.391724,4396515
04/12/2015,420.100006,421.299988,415.700012,421.299988,400.818756,2760544
07/12/2015,423.200012,429.899994,420.600006,428.799988,407.954132,2151862
08/12/2015,429.5,429.5,422,424,403.387543,2366455
09/12/2015,426.600006,428.700012,416.399994,417.399994,397.108398,2436902
10/12/2015,416.399994,421,410.799988,420,399.58197,1744753
11/12/2015,417.600006,422.899994,417.5,422,401.484772,3621968
14/12/2015,423,439.5,422.027008,437.200012,415.945831,3366621
15/12/2015,438.5,448.5,437.600006,447,425.269409,3390626
16/12/2015,446.399994,450.007996,443.799988,449.600006,427.743011,4267719
17/12/2015,453.5,455,435.899994,436,414.804108,4552864
18/12/2015,435,436.299988,419,421,400.533386,5397074
21/12/2015,421,429.447998,421,424,403.387543,1821569
22/12/2015,426.899994,426.899994,420,421.100006,400.62851,1502321
23/12/2015,422.700012,426.899994,418.799988,423,402.436157,1602250
29/12/2015,430.200012,435.700012,428.200012,435.700012,414.518768,1516193
30/12/2015,435,444.100006,434,441.899994,420.417267,1629726
04/01/2016,441.200012,444,430.899994,436.200012,414.994446,1401502
05/01/2016,438.600006,440.899994,435.600006,438.700012,417.372864,1172108
06/01/2016,440.700012,440.700012,428.299988,432.399994,411.37915,2002029
07/01/2016,441.600006,441.600006,420.100006,426.5,406.235779,2346245
08/01/2016,429.100006,441.5,426.006989,438.700012,417.856049,2082391
11/01/2016,437,443.600006,431.540009,442,420.999298,1881769
12/01/2016,445.299988,445.299988,438.100006,441,420.046814,2999183
13/01/2016,445.200012,445.200012,431.899994,434.899994,414.236603,3777727
14/01/2016,432.700012,434.100006,413.600006,414.899994,395.186798,6014292
15/01/2016,416.600006,418.399994,399.399994,401.100006,382.042542,5160675
18/01/2016,401,407,396.399994,406,386.709747,3109002
19/01/2016,412.299988,415.571991,408.299988,411.700012,392.138947,1801638
20/01/2016,407.799988,410.600006,389.399994,390,371.46991,3306488
21/01/2016,391,398.100006,389,395.899994,377.0896,2907804
22/01/2016,400,406.700012,394.299988,399,380.042358,4296636
25/01/2016,401.100006,401.100006,391.700012,393.600006,374.898895,2845333
26/01/2016,398.5,398.5,383,383,364.802551,2262768
27/01/2016,385.100006,388.399994,380.542999,388.399994,369.945984,1638427
28/01/2016,390.399994,394.799988,379,384.399994,366.136047,2240228
29/01/2016,387.100006,396.799988,381.399994,391.5,372.898651,3784596
01/02/2016,393.899994,400,390,398.899994,379.947052,3738698
02/02/2016,399.399994,406.5,399.200012,405.899994,386.614502,3173397
03/02/2016,406.700012,408.5,399.700012,405.899994,386.614502,2848153
04/02/2016,412,412.899994,394.899994,400.700012,381.66156,2658401
05/02/2016,397.899994,401,385.5,386,367.660034,1905860
08/02/2016,387.5,390.100006,337.399994,348.5,331.941711,4985029
09/02/2016,347.600006,354.799988,333.799988,347,330.513062,3493125
10/02/2016,349.700012,354,337.799988,340,323.845612,2191285
11/02/2016,334.700012,339.399994,327.200012,331.200012,315.463745,2254485
12/02/2016,333.700012,346.100006,332.299988,345.799988,329.370026,3138312
15/02/2016,353.299988,358.299988,350.5,355.600006,338.704437,2013712
16/02/2016,356.5,365,352.899994,361.299988,344.133545,2395371
17/02/2016,385,392.299988,361.600006,371.5,353.848907,5124494
18/02/2016,379.299988,382.100006,368.899994,375.600006,357.754211,2974032
19/02/2016,377.299988,386.299988,372.799988,386.299988,367.945709,3339623
22/02/2016,392.399994,407.399994,375.5,380.299988,362.230804,2916690
23/02/2016,378.799988,394.600006,377,387.100006,368.707764,1718541
24/02/2016,366.600006,367,357.799988,359,341.942841,27943576
25/02/2016,362.899994,372.100006,360.799988,371.399994,353.753693,10268177
26/02/2016,375,375,369.200012,372,354.325195,5261726
29/02/2016,370,373.399994,360.5,363,345.752808,15086902
01/03/2016,363.600006,368,362,365.700012,348.324554,4324459
02/03/2016,368.799988,369.899994,357.5,358,340.990417,6745648
03/03/2016,362,363.299988,349.100006,351.600006,334.89447,4876319
04/03/2016,354.600006,358.600006,346.399994,352.399994,335.656464,4489336
07/03/2016,353.200012,359.299988,350.200012,359,341.942841,2766239
08/03/2016,359.200012,360.399994,356,360.399994,343.276367,8123639
09/03/2016,361.200012,370,359.600006,368.799988,351.277191,4569888
10/03/2016,375.100006,380.200012,370.600006,376.100006,358.230408,6054759
11/03/2016,381.299988,381.299988,376.100006,380.600006,362.516571,2266911
14/03/2016,381,381.899994,376.5,380,361.945068,2363228
15/03/2016,380,381.899994,377.5,379.299988,361.27832,3124900
16/03/2016,379.100006,383.899994,377.899994,383.600006,365.374054,2156451
17/03/2016,385.700012,385.700012,370.200012,376,358.135101,3415686
18/03/2016,377.200012,378.399994,366,368.399994,350.89621,16483561
21/03/2016,368.700012,373,364.5,369.799988,352.229706,2537805
22/03/2016,370.5,377,368.299988,377,359.087646,2937540
23/03/2016,378.299988,388.399994,377.737,386.5,368.136292,3036762
24/03/2016,385.200012,391.700012,384.200012,389.899994,371.374695,3106432
29/03/2016,395.899994,395.899994,387.799988,393.799988,375.089386,2582175
30/03/2016,397,397.899994,391.100006,392.399994,373.75592,2494907
31/03/2016,392.5,393.899994,386.899994,390,371.46991,2854862
01/04/2016,387.299988,399.200012,384.600006,398,379.089813,1820118
04/04/2016,396,399.100006,389.899994,390.700012,372.136719,2072373
05/04/2016,388.899994,393.899994,384.799988,391.299988,372.708191,3336777
06/04/2016,388.399994,390.399994,381,388.299988,369.850677,3232751
07/04/2016,387.899994,388.200012,384,386,367.660034,2382306
08/04/2016,387.5,387.5,382.200012,387.5,369.088715,2236174
11/04/2016,385.100006,387.540009,381.700012,383.799988,365.564514,1242908
12/04/2016,383.399994,385.335999,379.700012,380.100006,362.040344,1676305
13/04/2016,383,384.899994,380.380005,382.700012,364.516754,1941664
14/04/2016,382.299988,386.399994,374.200012,378.5,360.516357,2224751
15/04/2016,379.399994,383.399994,374.700012,379.899994,361.849792,1627416
18/04/2016,377.799988,384,373.100006,379.899994,361.849792,1434736
19/04/2016,381.5,383.799988,378.899994,383.5,365.278778,1587120
20/04/2016,382.299988,383.700012,376.200012,378.700012,360.706848,1860924
21/04/2016,380.5,380.5,362.600006,366.200012,348.80072,4128669
22/04/2016,364,366.100006,356.299988,357.700012,340.70462,3420903
25/04/2016,361.200012,371,358.5,369.399994,351.848694,1746878
26/04/2016,370.100006,372.600006,362.700012,370.600006,352.991699,2146417
27/04/2016,371,375.600006,368.5,373.600006,355.849152,2108729
28/04/2016,373.799988,378.899994,371.399994,377.299988,359.373413,1509082
29/04/2016,373,377.299988,373,375,357.182648,3696535
03/05/2016,377.399994,381.700012,375.899994,381.399994,363.278564,1736802
04/05/2016,378.700012,381,376.200012,379.299988,361.27832,1271197
05/05/2016,380.100006,380.100006,371.5,375,357.182648,1009395
06/05/2016,375.600006,381.799988,371.899994,378.299988,360.325836,1078989
09/05/2016,381,381.399994,375.700012,378.399994,360.421112,1172532
10/05/2016,380.100006,383.299988,377.799988,382,363.850067,1573906
11/05/2016,381.5,383,380.299988,381.5,363.37384,1602716
12/05/2016,380.399994,384.299988,380,381.700012,363.564301,1083634
13/05/2016,380.899994,386.100006,380.899994,384.399994,366.136047,2246050
16/05/2016,382.100006,382.5,379.700012,381,362.897522,860403
17/05/2016,383.299988,386.5,380.700012,385.200012,366.897949,1348158
18/05/2016,385,385.600006,380.100006,384.200012,365.945587,1609978
19/05/2016,382.100006,382.700012,380,381.700012,363.564301,1001853
20/05/2016,382.5,384,378.799988,383.799988,365.564514,1575358
23/05/2016,382.700012,387.200012,379.399994,383.600006,365.374054,2177387
24/05/2016,381.899994,406.399994,381.899994,402.600006,383.471283,4317273
25/05/2016,405,410,402.100006,403.299988,384.138,3866633
26/05/2016,402.299988,404.100006,395.600006,400,380.994812,1791754
27/05/2016,398.399994,402.5,395.100006,397.700012,378.804108,1780074
31/05/2016,395.299988,410,393,393,374.327454,12471735
01/06/2016,396.100006,397.760986,388.799988,393.600006,374.898895,5937765
02/06/2016,391.399994,400.200012,390.5,399.399994,380.423309,2080936
03/06/2016,399.799988,400.399994,389.299988,395,376.232361,2053029
06/06/2016,396.200012,404.899994,391.100006,404.5,385.280975,2502270
07/06/2016,409.600006,410,402.299988,402.799988,383.661774,2486581
08/06/2016,400.100006,402.5,396.399994,402.5,383.376038,2746894
09/06/2016,411.899994,425,399.570007,424.100006,403.949799,5340038
10/06/2016,423,425.200012,412.5,418,398.139587,5945674
13/06/2016,417.299988,417.299988,405.700012,407.200012,387.852722,2875590
14/06/2016,407.200012,411.700012,391.899994,392.399994,373.75592,4105625
15/06/2016,396.399994,398.799988,388.899994,390.399994,371.850952,3329695
16/06/2016,390.399994,393.100006,382.5,389,370.517426,4543614
17/06/2016,388.700012,401.700012,388.600006,401.700012,382.614075,5406497
20/06/2016,409.799988,419.899994,406.5,414.299988,394.615387,3654914
21/06/2016,410.5,416.299988,408.100006,414.799988,395.091614,3687368
22/06/2016,419.100006,419.100006,412.700012,412.899994,393.281982,4140958
23/06/2016,415.200012,421.700012,414.700012,418,398.139587,2260866
24/06/2016,355.299988,381.799988,343.100006,379.100006,361.087891,11787045
27/06/2016,375.899994,375.899994,320.25,328,312.415771,8258249
28/06/2016,335.899994,349.700012,331.700012,344.799988,328.417542,4304760
29/06/2016,352.399994,356.600006,348.399994,350.299988,333.656219,5370101
30/06/2016,349.899994,353.399994,338.299988,353.399994,336.608917,4942849
01/07/2016,356.899994,364.600006,352.700012,358.600006,341.561859,3028562
04/07/2016,364.100006,364.100006,341.200012,341.200012,324.988525,3625298
05/07/2016,340.399994,340.640991,309.100006,315,300.033386,6068767
06/07/2016,313.399994,318.299988,307.799988,313.799988,298.890411,5357858
07/07/2016,316,330.899994,316,329.399994,313.749268,4317440
08/07/2016,329.399994,336,324.700012,333.600006,317.749695,3173930
11/07/2016,337.799988,348.299988,334.899994,346.5,330.036743,3364115
12/07/2016,347.5,355.799988,346.600006,353,336.227936,4137213
13/07/2016,349,357.700012,349,357.100006,340.133118,4560153
14/07/2016,358.5,361.493988,349.200012,350.600006,333.941956,3179919
15/07/2016,350,353.237,344.200012,346.200012,329.751038,2611215
18/07/2016,352.700012,354.549988,345.700012,351,334.322937,2334043
19/07/2016,351.399994,354.100006,347,352.100006,335.370728,1653100
20/07/2016,354,362.299988,352.100006,358.5,341.466583,2089771
21/07/2016,357.700012,358.899994,350.200012,353.100006,336.323212,2042998
22/07/2016,354.899994,354.899994,344.630005,348,331.465515,2968052
25/07/2016,347.5,352.299988,344.600006,350.899994,334.227692,2530009
26/07/2016,353.799988,359.899994,350,350.700012,334.037231,2201392
27/07/2016,353.399994,372.299988,352.200012,368.600006,351.0867,3777533
28/07/2016,366.600006,371.799988,363.5,366.5,349.086456,6953630
29/07/2016,367.200012,372,366.200012,370.700012,353.086945,2884377
01/08/2016,371.399994,372.899994,366.700012,370.700012,353.086945,3343084
02/08/2016,369.799988,377.799988,368.799988,373.399994,355.658691,2882559
03/08/2016,375.899994,376.700012,368.700012,374.299988,356.5159,2513705
04/08/2016,376.600006,388,373.799988,382.399994,364.231018,6809213
05/08/2016,385.200012,390.399994,379.799988,388.299988,369.850677,3110913
08/08/2016,391.700012,391.799988,384.600006,389,370.517426,3157192
09/08/2016,390,390.600006,387.700012,388.399994,369.945984,3630816
10/08/2016,388.5,388.5,382.100006,386,367.660034,6832575
11/08/2016,388.200012,392.600006,383.399994,390.799988,372.231934,3172900
12/08/2016,391.399994,391.700012,382.799988,386.5,368.136292,2042047
15/08/2016,388.100006,389.899994,385.100006,389.100006,370.612762,3088589
16/08/2016,387.700012,391.100006,385.299988,386.899994,368.517212,1588068
17/08/2016,387.899994,391.029999,385.5,390,371.46991,4191130
18/08/2016,394.299988,397.799988,388.399994,390.100006,371.565216,2182372
19/08/2016,390.600006,392.600006,387.899994,389.100006,370.612762,5920984
22/08/2016,389.399994,394.700012,387.899994,388.899994,370.422211,1346664
23/08/2016,390.600006,393.899994,390.100006,392.899994,374.232147,2180260
24/08/2016,391.200012,399.299988,389.799988,397.200012,378.327881,2136011
25/08/2016,395.5,396.299988,390.700012,391.200012,372.612946,3242811
26/08/2016,393,394,387.5,391.399994,372.803406,1187645
30/08/2016,389.200012,392.700012,382.700012,382.799988,364.61203,2528334
31/08/2016,382.100006,382.100006,372,373.100006,355.372955,7358610
01/09/2016,373,378,367.600006,376.899994,359.957092,3529328
02/09/2016,377.899994,382.899994,376.5,381.100006,363.968292,3590342
05/09/2016,384,388.200012,383,384.899994,367.597534,1302867
06/09/2016,386.799988,390.700012,384.700012,387.299988,369.889618,2783091
07/09/2016,388.5,394.799988,386.899994,389.299988,371.799713,2018671
08/09/2016,390,407.299988,390,404.100006,385.934418,6348275
09/09/2016,402.100006,402.100006,392.5,394.200012,376.479462,1505957
12/09/2016,387.5,392.600006,385.299988,391.399994,373.805267,3018379
13/09/2016,391.700012,398,390.899994,392.200012,374.569336,1981077
14/09/2016,393.799988,397.799988,391.299988,392.299988,374.664825,1561280
15/09/2016,391,400.899994,390.299988,399.899994,381.923248,3418152
16/09/2016,397.700012,402.299988,395.700012,400,382.018738,3792865
19/09/2016,403.899994,407,402.899994,406,387.749023,3754692
20/09/2016,404.600006,409,404.100006,404.700012,386.507446,1712835
21/09/2016,407,410.299988,406.200012,407.700012,389.372589,3365046
22/09/2016,409.5,415.399994,407.100006,408.600006,390.232117,2302034
23/09/2016,406.799988,409.820007,400.299988,401,382.973755,2107092
26/09/2016,399.899994,399.899994,394.799988,396.100006,378.294067,1309184
27/09/2016,399.399994,399.399994,386,395.100006,377.338989,2234737
28/09/2016,396.5,404.5,396.5,400.5,382.496216,2100339
29/09/2016,405,409.799988,399.5,402.700012,384.597351,2470751
30/09/2016,398.100006,406.638,395.200012,405.5,387.271484,2550700
03/10/2016,402.700012,412.600006,402.399994,410.100006,391.664703,2119453
04/10/2016,410.600006,419.5,409.160004,409.200012,390.805176,3730024
05/10/2016,406.299988,409.5,398.600006,398.899994,380.96814,2223500
06/10/2016,401.5,405.299988,398.299988,398.399994,380.490631,1986998
07/10/2016,400,406.600006,394.700012,396.399994,378.580505,3721380
10/10/2016,395.100006,397.299988,381.600006,387,369.603119,4164806
11/10/2016,387.299988,390.600006,383.200012,390.100006,372.563782,4004791
12/10/2016,390.700012,391.200012,382.100006,383,365.782898,3092951
13/10/2016,382,385.100006,377,381.399994,364.254822,3893781
14/10/2016,383.899994,384.399994,379.100006,379.899994,362.822296,6612561
17/10/2016,378.899994,378.899994,374.299988,374.399994,357.569519,3878977
18/10/2016,375.200012,382,373.700012,382,364.827911,2577519
19/10/2016,380.600006,382.899994,368.600006,374.600006,357.760559,6881452
20/10/2016,376.200012,379.700012,371.200012,379.700012,362.631287,3913598
21/10/2016,378,381.700012,377.200012,378.5,361.485229,2304969
24/10/2016,382.100006,387,376.299988,376.899994,359.957092,3085265
25/10/2016,376.299988,381.847992,371.799988,377.100006,360.148193,2595992
26/10/2016,374.700012,377.5,365.600006,366,349.547119,3590752
27/10/2016,366.399994,376,364.700012,370.399994,353.749329,3281714
28/10/2016,368.399994,377,365.299988,376.5,359.575134,2420215
31/10/2016,376.5,376.5,372,374.700012,357.856049,2316353
01/11/2016,376.5,380.600006,372.299988,379.600006,362.535767,2363441
02/11/2016,377.399994,379.399994,374,375.200012,358.333557,1808153
03/11/2016,373.600006,384.399994,371.899994,377.299988,360.339172,3287986
04/11/2016,377.100006,380.100006,365.5,367.100006,350.597717,2588416
07/11/2016,375.299988,375.299988,366.799988,367.5,350.979706,2392353
08/11/2016,367.700012,371.200012,365.399994,370.399994,353.749329,2399672
09/11/2016,373.700012,386,361.200012,386,368.648041,4210217
10/11/2016,400,410.399994,390.700012,398.899994,380.96814,10796281
11/11/2016,399.799988,403.558014,384.899994,387.700012,370.271637,4375329
14/11/2016,391.5,400.600006,390.600006,390.799988,373.232269,2832100
15/11/2016,393.600006,393.899994,382.899994,384.700012,367.406525,3061272
16/11/2016,384.799988,389.5,380.799988,384,366.737946,3797421
17/11/2016,386.299988,396.100006,385,393.899994,376.192902,3387350
18/11/2016,392.299988,396.899994,386.799988,391.899994,374.282867,3451984
21/11/2016,393.299988,393.299988,378.5,392.399994,374.760376,2913301
22/11/2016,394.399994,405.200012,394.399994,404.100006,385.934418,5107672
23/11/2016,404,410,402.100006,403,384.88385,4492118
24/11/2016,402.700012,405.399994,396.799988,403.399994,385.2659,1598355
25/11/2016,400.700012,403.019989,397.365997,400.5,382.496216,1478723
28/11/2016,401.200012,404.700012,397.399994,403.5,385.36142,2607027
29/11/2016,402.299988,403,394.299988,403,384.88385,1939203
30/11/2016,397,400.700012,394.299988,399.700012,381.732208,5846578
01/12/2016,400.200012,407.100006,394.299988,405,386.793945,3371594
02/12/2016,404,404,398.200012,402.600006,384.501862,2402421
05/12/2016,399.399994,407.200012,398.899994,400,382.018738,2379081
06/12/2016,397.600006,401,394.600006,395.299988,377.529999,3603068
07/12/2016,395,395.5,383.700012,384.700012,367.406525,4020471
08/12/2016,384.899994,390.600006,384.700012,386.100006,368.743591,2352624
09/12/2016,387,394,386.299988,392.600006,374.951385,2118037
12/12/2016,392.600006,397.600006,389.799988,389.899994,372.372772,1948776
13/12/2016,392.799988,396.700012,387.899994,396.200012,378.389526,2167978
14/12/2016,397.100006,397.299988,388.600006,391,373.423279,4139970
15/12/2016,392.600006,405,390.799988,403.100006,384.979401,3342656
16/12/2016,401.200012,401.988007,386.899994,388.799988,371.322144,5214232
19/12/2016,387.100006,389.600006,384,389.100006,371.608734,2918412
20/12/2016,387.100006,391.399994,385.899994,390.299988,372.754761,2404766
21/12/2016,388.600006,392,385,386,368.648041,1684799
22/12/2016,385,396,383.799988,395,377.243439,1187330
23/12/2016,394.100006,408.200012,394.100006,404.899994,386.698486,1367243
28/12/2016,401.799988,406,397.700012,405.600006,387.367004,2459935
29/12/2016,403.700012,410,402.299988,409.799988,391.378204,2029786
30/12/2016,409.100006,412,408.100006,409,390.614197,1340251
03/01/2017,410.200012,412,408.299988,410.600006,392.142273,2410878
04/01/2017,409.899994,411.899994,405.5,407.700012,389.372589,1883752
05/01/2017,403.700012,413.399994,400.299988,410.299988,393.49649,3126906
06/01/2017,413,414.100006,408.299988,410.600006,393.78421,1655742
09/01/2017,409.700012,411.600006,400.200012,408.299988,391.578369,3452427
10/01/2017,408.5,409.5,399.600006,404.299988,387.742218,2915974
11/01/2017,404.799988,406.299988,400.799988,400.799988,384.385559,2656039
12/01/2017,399.799988,404.799988,397.100006,400,383.618286,2890181
13/01/2017,399.5,402.649994,394.100006,397.200012,380.933044,2729341
16/01/2017,395.700012,398.600006,393,393.799988,377.672241,4097418
17/01/2017,392.700012,400.299988,391.100006,396.700012,380.453491,4022252
18/01/2017,397.899994,400.5,394,400.399994,384.001923,2790704
19/01/2017,400.5,400.5,394.5,395.799988,379.590302,1659718
20/01/2017,395.5,395.899994,385.899994,386.600006,370.76709,3100638
23/01/2017,385,391,381.549988,387.5,371.63028,2745790
24/01/2017,385.799988,392.200012,384.399994,391,374.986877,2724808
25/01/2017,394,394.799988,387.700012,389.299988,373.356506,2815565
26/01/2017,391.399994,392.200012,388,389,373.068817,1499079
27/01/2017,388,390.998993,383.029999,388.5,372.589264,7804033
30/01/2017,388.299988,393.700012,383.700012,390.5,374.507416,3333290
31/01/2017,392,403.399994,391.100006,400,383.618286,4097277
01/02/2017,402,404.166992,398,398,381.700256,4124321
02/02/2017,398.200012,408,396.5,404.799988,388.22171,3084561
03/02/2017,404.799988,410.5,403.799988,404.600006,388.029907,3604126
06/02/2017,405,406.190002,401.700012,402.799988,386.30365,1871753
07/02/2017,401.5,405.600006,401.5,404.5,387.934021,2587978
08/02/2017,402.700012,411.200012,402.700012,410,393.208771,2417159
09/02/2017,410,411.899994,408,411.399994,394.551483,2463685
10/02/2017,410.399994,414.299988,405.399994,408.299988,391.578369,2448727
13/02/2017,406.399994,408.799988,405.5,406.299988,389.660278,2006286
14/02/2017,403.799988,407.5,403.440002,404.799988,388.22171,1731736
15/02/2017,405,406.700012,400.399994,404,387.454468,1890477
16/02/2017,403.299988,406.200012,397.899994,401.899994,385.440521,2336682
17/02/2017,403.700012,406.200012,398.200012,402.600006,386.111877,2231834
20/02/2017,404.399994,404.399994,398.200012,401.899994,385.440521,1588553
21/02/2017,400.299988,404.299988,398.076996,401.700012,385.248688,2002753
22/02/2017,402.700012,407.100006,400.200012,405.5,388.893066,2077166
23/02/2017,407,408.399994,403,403.200012,386.687317,3017558
24/02/2017,401.600006,404.600006,398.839996,399.799988,383.426483,1989686
27/02/2017,401.799988,402.700012,397.5,402,385.536438,1793296
28/02/2017,395,399,386.600006,395.200012,379.014893,6358446
01/03/2017,395.399994,402,390,402,385.536438,4002678
02/03/2017,401.899994,404.399994,392.5,398.100006,381.796143,2881605
03/03/2017,395.5,397.299988,390.5,392.100006,376.04184,2128486
06/03/2017,391.399994,393,387.799988,390,374.027863,4498795
07/03/2017,388.200012,400.5,388.200012,398.399994,382.083862,4394847
08/03/2017,398.100006,402.700012,398.100006,400.100006,383.714264,2243311
09/03/2017,398.100006,403.700012,398.100006,400.700012,384.289703,1847687
10/03/2017,391,392.399994,376.071991,382,366.355499,10021938
13/03/2017,382.100006,383.402008,379.299988,381.799988,366.163635,4667104
14/03/2017,382.299988,382.799988,379,379.600006,364.053772,2758632
15/03/2017,378.299988,380.5,376.299988,378.899994,363.382416,2684865
16/03/2017,381.100006,383.200012,378.98999,381.799988,366.163635,3374968
17/03/2017,381.899994,387.700012,379.846008,387.700012,371.822052,3256612
20/03/2017,386.799988,388.299988,384,386.600006,370.76709,2420478
21/03/2017,387.700012,389.799988,382.5,383.100006,367.410461,2056734
22/03/2017,380.799988,384.014008,377.200012,383.399994,367.698181,2557017
23/03/2017,381.600006,390.899994,380.399994,390.200012,374.219666,3524144
24/03/2017,392.299988,392.600006,388.5,392.299988,376.233643,3511930
27/03/2017,389.399994,392.399994,388.700012,391,374.986877,2789102
28/03/2017,388.5,391.700012,388,388,372.109741,2974669
29/03/2017,386.799988,389.799988,384.399994,389.600006,373.644257,2160916
30/03/2017,389.399994,390.160004,386.899994,389,373.068817,1677989
31/03/2017,387.299988,392.899994,386.5,392.299988,376.233643,2769148
03/04/2017,391.200012,391.700012,386.700012,389.700012,373.740173,2471727
04/04/2017,390,398.5,390,396.5,380.261627,3397861
05/04/2017,393.200012,395,387.5,390.799988,374.795074,2768885
06/04/2017,386.700012,393.700012,386.700012,393.5,377.384491,2184286
07/04/2017,390.600006,393.399994,389.399994,393.399994,377.288605,1482547
10/04/2017,389.799988,394.700012,389.799988,392.600006,376.521393,1906065
11/04/2017,395,395.100006,391.399994,392.299988,376.233643,2677091
12/04/2017,393.600006,394.355011,391.299988,394,377.864044,1764582
13/04/2017,394.200012,396.100006,391.899994,392.899994,376.809052,2656661
18/04/2017,391.100006,392.5,388.100006,389.799988,373.836029,2536338
19/04/2017,390.600006,402.600006,388.600006,397.600006,381.31662,3460147
20/04/2017,401,406.5,397.77301,403.700012,387.166809,3759284
21/04/2017,404,406.100006,399.399994,401.799988,385.344604,3420760
24/04/2017,409.200012,410.899994,406.700012,410.5,393.688293,2670237
25/04/2017,412.100006,412.899994,405.899994,405.899994,389.276672,2178493
26/04/2017,404.700012,407.399994,402.5,405.700012,389.084869,1957876
27/04/2017,402.899994,410,401.799988,409.600006,392.825165,1801366
28/04/2017,409.899994,410,401.100006,401.100006,384.673279,2375668
02/05/2017,401,407,400.957001,407,390.331635,4039680
03/05/2017,407.5,407.915985,399.700012,402,385.536438,2676195
04/05/2017,403.899994,409.799988,397.100006,409.799988,393.016937,2821291
05/05/2017,410.100006,411.5,404.5,410.799988,393.976013,2340245
08/05/2017,410,413.382996,408.100006,411,394.167786,2417631
09/05/2017,412.399994,412.399994,405.799988,406.200012,389.564392,2114808
10/05/2017,407,408.5,406,407.100006,390.427551,1651654
11/05/2017,407.700012,411.5,405.600006,408.100006,391.386597,3877693
12/05/2017,406.600006,421.100006,406.600006,420.100006,402.895142,2448834
15/05/2017,419.799988,421.100006,412.799988,414.799988,397.812195,2627223
16/05/2017,412.200012,419.399994,410.799988,419.299988,402.127899,2729189
17/05/2017,413.399994,413.399994,399,405.5,388.893066,4296407
18/05/2017,406.899994,409.600006,400.200012,400.799988,384.385559,5238832
19/05/2017,399.799988,408.799988,399.799988,405.299988,388.701202,3780158
22/05/2017,405.299988,408.600006,403.899994,405.600006,388.988983,2013979
23/05/2017,405.299988,411.299988,405.299988,407.299988,390.619354,1972204
24/05/2017,409.700012,416.299988,408.600006,414.200012,397.236786,1970965
25/05/2017,416.100006,422.299988,413.299988,421.600006,404.333679,2402949
26/05/2017,422.600006,423.5,413.799988,415.700012,398.675354,2218459
30/05/2017,413.700012,417,411.700012,415.200012,398.195831,2363207
31/05/2017,415.5,419.240997,412.200012,416.100006,399.05899,4257858
01/06/2017,423.600006,445,423.299988,435,417.184937,9567703
02/06/2017,437.899994,439.5,432.410004,435.899994,418.048035,2957512
05/06/2017,436.899994,439.299988,433.799988,435.5,417.664429,2226091
06/06/2017,435.100006,437.920013,425.299988,426.600006,409.128937,3660179
07/06/2017,426.399994,438.600006,426.067993,431.700012,414.020111,4294019
08/06/2017,422.299988,434.799988,405.299988,418.5,401.360687,9308478
09/06/2017,414,421.600006,405.5,420,402.799225,10898527
12/06/2017,414,414.899994,395.600006,405.600006,388.988983,9107422
13/06/2017,407.299988,409,401.899994,407.100006,390.427551,3664263
14/06/2017,408,409.299988,399.200012,406.799988,390.139832,4249770
15/06/2017,405,407.100006,391.200012,399.700012,383.330627,4593057
16/06/2017,400,402.299988,397.700012,400,383.618286,5655500
19/06/2017,401.799988,403,395.799988,399.200012,382.851105,1896329
20/06/2017,398.5,400.700012,394.799988,395,378.82309,347693
21/06/2017,394.399994,393.100006,384.299988,388.600006,372.685211,101042
22/06/2017,389.600006,389.600006,382.5,384.100006,368.369476,1288153
23/06/2017,384.200012,388.730011,382.200012,388,372.109741,198923
26/06/2017,389.100006,391.200012,386.799988,389.128998,373.192505,237012
27/06/2017,388.399994,389.700012,378.200012,380.737,365.144226,144718
28/06/2017,377.5,385.399994,369.899994,381.200012,365.588287,424053
29/06/2017,384.799988,386.200012,375,375.600006,360.21759,316189
30/06/2017,375,383.899994,375.269989,380,364.437408,588288
03/07/2017,381.200012,381.5,371.5,372.700012,357.436401,5872957
04/07/2017,371.700012,375.799988,367.899994,373.600006,358.2995,3500849
05/07/2017,372.200012,382.100006,372.200012,380.100006,364.533295,3199878
06/07/2017,381.399994,381.399994,369.100006,369.899994,354.751038,3410208
07/07/2017,370.5,371.700012,368.5,371.700012,356.477356,3057672
10/07/2017,372.299988,374.700012,368.100006,369,353.887878,2753061
11/07/2017,369.5,371.899994,361.5,366.399994,351.394379,3913863
12/07/2017,365.200012,367.899994,362.600006,363.600006,348.709106,2956340
13/07/2017,364.899994,364.899994,360.019989,362.5,347.654114,4291636
14/07/2017,362.600006,363.100006,357.799988,363.100006,348.229553,2908314
17/07/2017,364,366.299988,362.399994,365.899994,350.914856,3538063
18/07/2017,366.100006,375.399994,364.299988,374,358.683105,5656181
19/07/2017,376.399994,376.399994,364.618011,375,359.642181,1945505
20/07/2017,375.299988,379,372.600006,378.100006,362.615204,2266372
21/07/2017,378.399994,382.600006,374.799988,380,364.437408,3672841
24/07/2017,379.5,380.325012,373.299988,374.299988,358.970795,3355472
25/07/2017,372.799988,376.899994,372.200012,374.100006,358.779022,1938833
26/07/2017,375.299988,382.200012,373.5,380.899994,365.300598,2634978
27/07/2017,381.299988,384,380,382.799988,367.122742,2221288
28/07/2017,379.399994,382.200012,377.200012,378.5,362.99884,3384610
31/07/2017,380.5,383.399994,379.200012,382.700012,367.026825,4041312
01/08/2017,382.899994,384.899994,380.899994,383,367.314545,2866911
02/08/2017,378.600006,379.100006,360.200012,364.799988,349.859894,5922774
03/08/2017,362.600006,371.100006,362.600006,369.5,354.367401,3072945
04/08/2017,368.899994,369.899994,363.799988,369.5,354.367401,2790791
07/08/2017,370,370,366.799988,367.5,352.449371,3213927
08/08/2017,368.299988,370.200012,367.200012,367.799988,352.73703,3510561
09/08/2017,365.899994,367.799988,364.600006,365.700012,350.723053,1812552
10/08/2017,367.600006,367.700012,361.600006,362.600006,347.75,3574092
11/08/2017,358.700012,359.64801,349.588989,352.700012,338.255463,3722719
14/08/2017,355,360.100006,352.700012,359.799988,345.064667,4641750
15/08/2017,361.899994,363,354.299988,358.799988,344.105621,4649257
16/08/2017,358.100006,360,355.899994,359.200012,344.489319,4244558
17/08/2017,359.799988,362.700012,357.200012,358.5,343.817902,3373523
18/08/2017,358.5,359.5,355.5,355.5,340.940765,5442744
21/08/2017,356.299988,357.899994,352.700012,356.200012,341.612091,1669672
22/08/2017,356.299988,359.899994,355.100006,355.799988,341.228485,1611334
23/08/2017,358.299988,359,338.899994,338.899994,325.02066,6233475
24/08/2017,341.100006,344.5,337.299988,342.399994,328.377258,9657812
25/08/2017,343.100006,346.600006,343.100006,344.200012,330.103577,3267480
29/08/2017,341.5,344.799988,339.200012,342.5,328.473175,3404130
30/08/2017,346.5,352,341.054993,350,335.666046,5773306
31/08/2017,346.100006,354.799988,340,353.399994,342.350311,5036344
01/09/2017,352.200012,357.5,352.200012,355.399994,344.28772,2594490
04/09/2017,356.100006,356.100006,351.399994,352.899994,341.865936,1276002
05/09/2017,352.600006,360.200012,352.600006,359,347.775208,6002746
06/09/2017,358.899994,361.899994,356.600006,358.200012,347.000214,7298181
07/09/2017,357.5,363.600006,357.5,360.299988,349.034546,1880449
08/09/2017,361.200012,365,357.600006,363.600006,352.231384,2990207
11/09/2017,362.899994,365.600006,362.200012,362.600006,351.262634,2567470
12/09/2017,365.100006,365.5,361,361,349.712646,3747565
13/09/2017,360,361.5,356,358.899994,347.678314,3179806
14/09/2017,363,372.799988,362.299988,367.399994,355.912506,3675095
15/09/2017,364.899994,365,356.200012,357.100006,345.93457,3544026
18/09/2017,358.799988,361.700012,358,360.600006,349.325165,1586489
19/09/2017,361.200012,366.299988,359.5,363.899994,352.521973,2421895
20/09/2017,365,376.399994,364,376,364.243652,5695556
21/09/2017,380,381,370.299988,374.200012,362.499939,5685049
22/09/2017,374.200012,380.399994,370.100006,380,368.118591,5907477
25/09/2017,379,385.100006,377.890015,384,371.9935,3431505
26/09/2017,384,386.100006,378.399994,385.399994,373.349701,5733036
27/09/2017,384.5,387.899994,383.899994,387.700012,375.57785,11132296
28/09/2017,388.799988,395.200012,388.799988,393,380.712097,3057098
29/09/2017,394.899994,394.899994,391.5,392.5,380.227722,3919135
02/10/2017,391.799988,396.5,391.799988,395.100006,382.746429,3103216
03/10/2017,395.5,397.5,388.899994,389.399994,377.22467,2848491
04/10/2017,390,391.5,377,379.600006,367.731079,8583921
05/10/2017,375.600006,379.237,369.799988,377.5,365.696747,6237462
06/10/2017,375.899994,378.399994,372.600006,375.899994,364.146759,3423847
09/10/2017,376.899994,376.899994,363.600006,367.299988,355.815643,5488632
10/10/2017,368.100006,373.200012,365.299988,366.700012,355.234436,3676348
11/10/2017,365,369.5,360.799988,365.799988,354.362579,5494115
12/10/2017,367.600006,369.600006,364.799988,368.700012,357.171906,2802363
13/10/2017,368.200012,373.299988,365.200012,371.899994,360.27182,3031948
16/10/2017,372.600006,374.100006,364.200012,365.200012,353.781342,6167509
17/10/2017,367.299988,367.299988,358,362.399994,351.068878,5115532
18/10/2017,361.899994,365.799988,361.700012,364,352.618835,2441543
19/10/2017,364.299988,365.5,358.100006,362,350.681396,4115823
20/10/2017,361.700012,362.200012,356.600006,362.200012,350.875122,3507865
23/10/2017,361.899994,363.5,355.700012,361.899994,350.584503,3185239
24/10/2017,360.600006,363,358.399994,359.399994,348.162689,4089967
25/10/2017,359.5,362.799988,357,359.600006,348.356445,3333614
26/10/2017,360.100006,362.899994,340.600006,352.200012,341.187805,8318571
27/10/2017,351.399994,351.505005,342.299988,343,332.275452,5976886
30/10/2017,340.200012,344.700012,338.600006,344,333.244202,6150038
31/10/2017,343.899994,344.5,341.700012,342.5,331.791077,3046870
01/11/2017,341.700012,343.899994,340.600006,341.5,330.822357,5075879
02/11/2017,340.200012,344.200012,339.100006,343.399994,332.662933,3264997
03/11/2017,344.100006,350.03299,342.200012,348.700012,337.797272,5697371
06/11/2017,349.600006,349.600006,344.200012,345.600006,334.794159,4454290
07/11/2017,344.899994,346.428009,338.899994,342.5,331.791077,4531775
08/11/2017,343,354.100006,339.641998,352.299988,341.284668,5877460
09/11/2017,379,388.200012,329.399994,335.100006,324.622498,10887629
10/11/2017,336.200012,350.717987,331.700012,332.399994,322.006897,7849293
13/11/2017,330,334.200012,321.100006,321.5,311.447693,4863690
14/11/2017,322.299988,324.100006,318.5,320.5,310.478973,4366334
15/11/2017,320,321,313,319,309.025879,3534646
16/11/2017,320.700012,323.299988,318.600006,320.399994,310.38208,4292821
17/11/2017,320,320.399994,316.600006,320.299988,310.285248,3489591
20/11/2017,318.5,324.899994,318,323.399994,313.28833,2882157
21/11/2017,323.100006,329.5,320.799988,328.600006,318.325745,4064883
22/11/2017,327,331.899994,323.700012,331.200012,320.844421,2805273
23/11/2017,332,332,326.600006,328.899994,318.616333,1464430
24/11/2017,330,333.299988,328.5,332.299988,321.910004,3704688
27/11/2017,333.100006,333.100006,326.5,331.799988,321.425629,3345782
28/11/2017,331.100006,335.5,330,334.600006,324.138092,3589691
29/11/2017,334.100006,341.200012,331.399994,337.5,326.947449,4385275
30/11/2017,337.5,340.799988,334.600006,336.299988,325.784912,5502835
01/12/2017,337.200012,342.600006,335.5,335.799988,325.300598,4238595
04/12/2017,337.700012,339.200012,332.899994,336.700012,326.172455,3071112
05/12/2017,336.399994,338.700012,334.5,338.700012,328.109894,5673586
06/12/2017,338.700012,342.399994,337,338.299988,327.722443,3360349
07/12/2017,339.299988,341.5,334.5,338,327.431824,4932829
08/12/2017,337.600006,342.600006,337.5,342.600006,331.88797,2815661
11/12/2017,342.600006,346.399994,341.399994,344.100006,333.341095,3504975
12/12/2017,345.399994,345.399994,340.5,343.100006,332.372375,2924014
13/12/2017,345.100006,350.100006,343.100006,348.200012,337.312897,4191093
14/12/2017,348.299988,350.600006,346.5,348.299988,337.40976,3949277
15/12/2017,348.799988,349.899994,344.5,347,336.150391,4119870
18/12/2017,347.899994,354.399994,347.399994,353.5,342.447144,2784040
19/12/2017,352.700012,357.700012,349.299988,350.600006,339.637848,3165132
20/12/2017,348.899994,350.600006,344.700012,345,334.212921,2924128
21/12/2017,344,347.299988,343.200012,345.299988,334.50354,2792631
22/12/2017,345.100006,352.100006,345,352.100006,341.090973,713716
27/12/2017,352.700012,356,351.399994,354.700012,343.60965,2148731
28/12/2017,355,357.200012,353.799988,354.899994,343.803375,1645118
29/12/2017,353.5,356.200012,352.799988,352.799988,341.769043,1052207
02/01/2018,351.600006,358.700012,351.600006,353,341.962799,2936230
03/01/2018,354,358.5,351.5,358.399994,347.193909,2883688
04/01/2018,359.399994,359.799988,357,358.299988,348.94696,4479087
05/01/2018,358,359,354.299988,356.399994,347.096558,5482803
08/01/2018,356,359.299988,354.299988,355.100006,345.830536,3013611
09/01/2018,356.600006,356.600006,347.899994,352.5,343.298401,3958063
10/01/2018,353.299988,353.299988,345,346.399994,337.357605,3995474
11/01/2018,346.399994,356.399994,346.299988,352.700012,343.493164,5049013
12/01/2018,352,356.299988,345.200012,355,345.733093,4670383
15/01/2018,354.299988,355,349.200012,350,340.863647,4574963
16/01/2018,349.200012,357.600006,348.899994,356.799988,347.486115,4862271
17/01/2018,355.799988,357.299988,351.299988,355,345.733093,4477388
18/01/2018,353.5,355.299988,345.100006,346.899994,337.844543,3087481
19/01/2018,347,352.899994,345.299988,349.899994,340.766266,4569572
22/01/2018,348.799988,357.700012,347.100006,353.799988,344.564453,7444834
23/01/2018,352.100006,352.100006,341.5,344.899994,335.89679,6151044
24/01/2018,345.5,348.799988,343,346,336.968018,4133288
25/01/2018,345.5,351.799988,344.100006,350,340.863647,4188754
26/01/2018,350.200012,356.600006,348.100006,355.299988,346.025238,2817613
29/01/2018,355.200012,360.100006,355.200012,356.600006,347.291351,4026576
30/01/2018,354.700012,358,348.700012,351,341.837524,3558434
31/01/2018,351.5,368.799988,350.899994,360.100006,350.700012,7571955
01/02/2018,361.799988,361.899994,357.5,360.899994,351.479095,3593626
02/02/2018,365,375.5,363.899994,364.200012,354.692963,7468686
05/02/2018,363.600006,366.899994,361.200012,364.299988,354.790314,6078405
06/02/2018,356.5,360.600006,354.299988,356,346.707001,7310052
07/02/2018,359,364.299988,355.100006,362.899994,353.42688,11067147
08/02/2018,364.100006,368.399994,356.200012,358,348.654785,5421770
09/02/2018,359.200012,359.200012,352.600006,355.899994,346.609619,4352471
12/02/2018,357.799988,360.399994,357.600006,360.200012,350.797363,3301769
13/02/2018,360,364.200012,359.399994,363.100006,353.621674,5950129
14/02/2018,364.200012,370,362.100006,363,353.524261,8553798
15/02/2018,363.799988,368.100006,356.5,366.399994,356.83551,5586029
16/02/2018,368.100006,370.100006,365.799988,368.799988,359.172882,2913184
19/02/2018,369,370.700012,361.200012,362.799988,353.329498,3139275
20/02/2018,364,364.799988,360,364.700012,355.179901,4827607
21/02/2018,364.100006,364.299988,361.100006,363.5,354.01123,7687519
22/02/2018,361,361.100006,354.799988,357.100006,347.778259,8934004
23/02/2018,356.5,363.100006,355.700012,362.5,353.037354,4714430
26/02/2018,364,371,363.700012,366,356.445984,4480092
27/02/2018,369.5,369.5,363.799988,365.600006,356.056427,3308666
28/02/2018,364.899994,366.5,361.899994,365,355.472046,5904223
01/03/2018,364.100006,368.799988,362,368.5,358.880707,5483696
02/03/2018,368.100006,376.799988,367.899994,371.700012,361.997162,9235159
05/03/2018,373.700012,379.399994,370.299988,376.399994,366.574463,7492890
06/03/2018,379.100006,381.100006,375.600006,380,370.080536,4675778
07/03/2018,378.600006,387.5,378.600006,387.5,377.384735,9511840
08/03/2018,387.899994,396,386.399994,392.100006,381.864655,4800686
09/03/2018,390.899994,399.5,388.5,391.899994,381.669922,4854927
12/03/2018,393.200012,398.799988,391.299988,393,382.74115,12194047
13/03/2018,392.700012,392.700012,387.299988,389.899994,379.722076,13281258
14/03/2018,387.5,392.799988,384.799988,385.5,375.436951,3544180
15/03/2018,385.5,387.100006,359.299988,360.600006,351.18692,13543211
16/03/2018,361.799988,361.799988,349.399994,350.399994,341.253204,13149990
19/03/2018,351.399994,357.5,348.600006,354.299988,345.051392,6628447
20/03/2018,354.5,355,346.5,347.299988,338.234131,6271058
21/03/2018,348,350,337.100006,338.899994,330.053406,8611943
22/03/2018,338.399994,339.299988,333.100006,334.799988,326.060394,4762576
23/03/2018,333.799988,340.5,328.899994,340.200012,331.319489,5373925
26/03/2018,341.399994,341.399994,335.399994,338,329.17688,2869174
27/03/2018,340,341.700012,338.200012,341.399994,332.488129,2735683
28/03/2018,340.799988,349.5,336.600006,349.5,340.376709,5193470
29/03/2018,349,354.399994,348,350.600006,341.447968,5158620
03/04/2018,349,350.5,343,345.5,336.48111,4277021
04/04/2018,344.5,347.200012,342.299988,343.100006,334.143768,5754676
05/04/2018,347.299988,349.799988,343.399994,348.899994,339.792328,6796776
06/04/2018,349,349,344.100006,347.100006,338.039337,3187704
09/04/2018,346.899994,350.600006,346,348.799988,339.694946,2444656
10/04/2018,346.899994,353.100006,346.399994,353.100006,343.882721,3156669
11/04/2018,351.5,357.5,351,356.5,347.19397,5438690
12/04/2018,349.399994,349.399994,336.200012,339.200012,330.345581,13002104
13/04/2018,341.899994,345.399994,338.399994,338.899994,330.053406,5666675
16/04/2018,341.100006,346.700012,338.200012,340.100006,331.222076,2706303
17/04/2018,339,340,333.5,339,330.150787,4362973
18/04/2018,340.899994,340.899994,334.100006,338.5,329.663818,4744618
19/04/2018,337.700012,347.200012,337.700012,342.700012,333.754211,4484445
20/04/2018,344.100006,345.399994,340.799988,343,334.046326,5397032
23/04/2018,346.200012,346.200012,343.399994,345.5,336.48111,3737588
24/04/2018,347,350,345,345.700012,336.675903,7046599
25/04/2018,345.100006,347.200012,340.200012,341.799988,332.877655,7592532
26/04/2018,342,346.600006,339.799988,344.399994,335.409821,3600947
27/04/2018,345.299988,352.100006,342.899994,350.600006,341.447968,3717429
30/04/2018,351.600006,353.799988,349.5,353,343.785339,2981354
01/05/2018,352.600006,361.100006,351.399994,351.399994,342.227081,19110197
02/05/2018,355.100006,363,355.100006,362.299988,352.84256,5082529
03/05/2018,359.899994,370.200012,359.899994,369.200012,359.562469,6046505
04/05/2018,371.299988,375.200012,367.899994,372.700012,362.9711,13896325
08/05/2018,373.700012,378.899994,373,376,366.184937,4135473
09/05/2018,379,379.5,369.899994,370,360.341553,4870321
10/05/2018,372.899994,374,369.600006,370.700012,361.023315,4441710
11/05/2018,376.700012,388.600006,376,380.100006,370.177917,8198877
14/05/2018,382,383.600006,378.799988,379.399994,369.496155,3945396
15/05/2018,377,379.399994,370.700012,371.899994,362.191956,3654683
16/05/2018,372.899994,376.799988,369.399994,371.5,361.802429,4203637
17/05/2018,372.700012,378.5,371.700012,378.5,368.619659,4058071
18/05/2018,379.100006,381.899994,375.100006,377.100006,367.256195,2604966
21/05/2018,376.600006,385.5,376.600006,381.299988,371.346588,2944747
22/05/2018,382.5,383.899994,379.799988,380.799988,370.85965,12368682
23/05/2018,380.899994,382.700012,376.700012,378.399994,368.522278,4388004
24/05/2018,379.399994,379.700012,374,374,364.237122,4508120
25/05/2018,374.600006,375.5,371,373,363.263245,5767571
29/05/2018,371.299988,371.299988,362.799988,364.399994,354.887726,8692265
30/05/2018,362.700012,365.200012,349.299988,351.200012,342.032318,8008034
31/05/2018,352,357.399994,351.100006,352.600006,343.395782,6492767
01/06/2018,352.600006,361.5,352,354.100006,344.856598,4581607
04/06/2018,354.100006,362,354.100006,359.700012,350.310425,5814436
05/06/2018,359.799988,361.399994,352.200012,353.600006,344.369629,4900923
06/06/2018,353.200012,358,351.5,354,344.759186,17066222
07/06/2018,363.299988,388.600006,361.200012,385,374.950012,10395735
08/06/2018,390,417,385,417,406.114655,16280035
11/06/2018,420,431.299988,413.600006,425,413.905853,12111313
12/06/2018,424.799988,427.700012,419.200012,422.5,411.471069,6263416
13/06/2018,420.5,426,417.799988,422.5,411.471069,9961651
14/06/2018,420.399994,423.600006,416.899994,422.100006,411.081512,4180272
15/06/2018,420.100006,425,418.299988,420.700012,409.718079,6807880
18/06/2018,420.700012,424.299988,415.600006,424.299988,413.224091,4876350
19/06/2018,422.200012,425.100006,419.100006,424.899994,413.808441,7050289
20/06/2018,417.899994,426.700012,416.899994,423.100006,412.05542,5924305
21/06/2018,423.399994,427.899994,422,423,411.958038,3010367
22/06/2018,423.600006,429.200012,423.600006,427,415.853638,8232912
25/06/2018,425.600006,429.600006,424.200012,426.299988,415.171906,2490870
26/06/2018,430,430,419.799988,419.799988,408.841583,2949027
27/06/2018,423.5,423.5,413,417,406.114655,4936422
28/06/2018,413.399994,420,413.399994,417.100006,406.212067,3084924
29/06/2018,420,426.799988,419.899994,425.899994,414.782349,4192621
02/07/2018,424.100006,424.100006,416.299988,421.100006,410.107666,4320476
03/07/2018,423.600006,427.600006,420.799988,423.700012,412.639801,3033438
04/07/2018,423.100006,433.600006,421.399994,429,417.801422,2785216
05/07/2018,428,428.200012,416.399994,416.799988,405.919891,6026464
06/07/2018,416.200012,419.299988,412.399994,415.200012,404.361664,3598124
09/07/2018,417.100006,427.899994,417.100006,424.899994,413.808441,6430706
10/07/2018,425.799988,429,423.899994,424.5,413.418884,3225181
11/07/2018,420.200012,424.899994,417.799988,422.5,411.471069,3906146
12/07/2018,426.399994,435,423.299988,432.399994,421.11264,5930811
13/07/2018,435,435,425.799988,426.299988,415.171906,2553692
16/07/2018,426.899994,429.700012,420.799988,421.600006,410.594604,2146529
17/07/2018,421.899994,430.5,418.700012,430.5,419.262268,3491809
18/07/2018,432.5,440.399994,429.799988,438.700012,427.24823,4808347
19/07/2018,439.399994,442.700012,434.399994,440.799988,429.293396,3083283
20/07/2018,442.200012,443.200012,437.100006,439,427.540375,2593202
23/07/2018,436.200012,439.600006,432.299988,433,421.697052,2626881
24/07/2018,433.200012,441.399994,432.299988,433.799988,422.476105,2049939
25/07/2018,432.100006,436.799988,428.899994,432.600006,421.307495,3217348
26/07/2018,430.200012,435.200012,426.399994,428.200012,417.022339,2519297
27/07/2018,429.600006,435.200012,424.700012,432,420.723114,3403803
30/07/2018,429.899994,431.899994,426.600006,427.299988,416.145782,3114298
31/07/2018,428.5,430.299988,423.200012,425.299988,414.197998,3388585
01/08/2018,425.899994,427.299988,420.700012,423.899994,412.834534,5356788
02/08/2018,420.399994,428.899994,420.399994,425.399994,414.29541,2914615
03/08/2018,426.5,428.299988,424.5,425.799988,414.684967,3653391
06/08/2018,424.100006,426.200012,423,425.799988,414.684967,1658304
07/08/2018,424,426.899994,421.799988,422.600006,411.568481,6965240
08/08/2018,424.600006,427.700012,422.5,427.200012,416.048401,4053071
09/08/2018,426,433,424,432.899994,421.599609,3414369
10/08/2018,432.799988,434.5,429.700012,430.100006,418.872711,1562982
13/08/2018,429.600006,439.799988,428.700012,438,426.566467,8427438
14/08/2018,441.200012,444.399994,436.100006,438.100006,426.663879,2747143
15/08/2018,440,444.100006,436.700012,444.100006,432.507263,4327016
16/08/2018,443.100006,451,441.100006,447.600006,435.915894,5622719
17/08/2018,446,452.100006,445.700012,446.600006,434.941986,6511195
20/08/2018,449.399994,456.600006,448.899994,454.799988,442.927917,3355115
21/08/2018,452.700012,457,452.700012,456.600006,444.680939,2250152
22/08/2018,457.200012,462.899994,455.899994,457,445.070496,4234580
23/08/2018,455.899994,458.700012,451.899994,453.299988,441.467102,3315839
24/08/2018,450.299988,455.100006,450,455,443.122711,2752480
28/08/2018,457.5,458.299988,450.799988,451.899994,440.103638,2672677
29/08/2018,454.299988,456.200012,449.600006,453.799988,441.954071,4334762
30/08/2018,447.899994,455.399994,447.399994,454.700012,446.768585,2172204
31/08/2018,454.700012,456.799988,446.600006,449.100006,441.266235,2641631
03/09/2018,449.799988,453.5,448.700012,451.700012,443.820892,1240323
04/09/2018,444.899994,453.5,429.799988,431.899994,424.366272,6649873
05/09/2018,432.799988,436.5,426.700012,427.700012,420.239563,4050160
06/09/2018,430.299988,430.399994,421.5,427,419.551758,3234575
07/09/2018,425.700012,434.100006,423.399994,433.5,425.938385,4902138
10/09/2018,431.899994,436.5,431.299988,434.799988,427.215698,2038287
11/09/2018,433,439.600006,433,439,431.342438,3455003
12/09/2018,439.700012,442,436.200012,438.5,430.851166,5154058
13/09/2018,437.700012,439.600006,430.200012,431.799988,424.268005,2764085
14/09/2018,434.299988,437.600006,431.399994,436.799988,429.180786,6894665
17/09/2018,437.100006,440.100006,434.600006,438.600006,430.949402,2952421
18/09/2018,439.200012,446.899994,436.299988,446.899994,439.104614,4110146
19/09/2018,449.100006,462.799988,448.299988,460,451.976135,6640223
20/09/2018,461.100006,463.799988,458.799988,462.5,454.432526,5059352
21/09/2018,463.399994,468.200012,462,464.299988,456.201111,6082287
24/09/2018,465.600006,471.399994,462.200012,466.299988,458.166199,4160706
25/09/2018,463,468,451.399994,464.200012,456.102875,6215391
26/09/2018,465.700012,466.600006,447.399994,459.899994,451.877869,6803326
27/09/2018,459,459.600006,449.399994,451.5,443.62439,5286691
28/09/2018,451.799988,453.600006,446,446.600006,438.809875,4346690
01/10/2018,446.600006,456.200012,446.299988,451.100006,443.231384,4070002
02/10/2018,451.700012,452.899994,443.399994,450.100006,442.24881,3294395
03/10/2018,451.299988,453.100006,440.600006,444.200012,436.451721,7326375
04/10/2018,442.600006,445.299988,428.100006,433.5,425.938385,7015056
05/10/2018,433.5,435.299988,420.700012,421.799988,414.442444,4930269
08/10/2018,419.899994,423.700012,413,413.5,406.287231,5475886
09/10/2018,412.700012,415.899994,403.700012,406,398.91806,5678037
10/10/2018,406.100006,408.200012,399.899994,400,393.022705,7748470
11/10/2018,396,410.700012,392.600006,405,397.935516,6403331
12/10/2018,407.799988,415.600006,407.799988,411.600006,404.42038,6811661
15/10/2018,412.299988,415.700012,409.200012,411,403.830811,4386471
16/10/2018,412.600006,419.100006,410.299988,417.799988,410.512238,4768583
17/10/2018,418.5,423,411.299988,412.200012,405.009949,3928180
18/10/2018,413,419.600006,410.399994,414,406.778534,5444847
19/10/2018,412.600006,412.700012,375.600006,388.5,381.723297,11016062
22/10/2018,388.5,395,388.5,394.899994,388.011658,5379896
23/10/2018,390.299988,393.799988,386.399994,388.600006,381.821594,4600547
24/10/2018,391,402.299988,388.700012,395.200012,388.306458,7715666
25/10/2018,389,397.100006,386.299988,394.799988,387.913422,4585433
26/10/2018,394.399994,394.899994,386.5,389.600006,382.804138,3437489
29/10/2018,391.899994,399.299988,387.899994,393.5,386.636108,4094233
30/10/2018,392.100006,402.899994,392,402.100006,395.086121,3791867
31/10/2018,410.100006,419.5,407.799988,409.600006,402.455292,13292546
01/11/2018,409.899994,416.5,407.899994,411.700012,404.518677,3818850
02/11/2018,417.799988,426.399994,415,417.399994,410.119202,4641011
05/11/2018,418,438.899994,418,425.5,418.077942,3126208
06/11/2018,427,429.100006,419.299988,424,416.604065,4318494
07/11/2018,422.299988,439.100006,422.299988,439.100006,431.440674,8541005
08/11/2018,450,464.299988,440.100006,440.799988,433.111023,7571123
09/11/2018,442.100006,450.600006,439.799988,447,439.202911,4584064
12/11/2018,449.899994,449.899994,433.200012,437.200012,429.573853,8334493
13/11/2018,439.100006,444.700012,437,442.399994,434.683105,4833687
14/11/2018,447.399994,448.299988,440.299988,442.799988,435.076141,4367003
15/11/2018,444,445.299988,412,419.799988,412.477356,5950484
16/11/2018,423.700012,431.299988,414.899994,428.899994,421.41861,6381108
19/11/2018,429.899994,435.600006,425.700012,427.200012,419.748291,2736421
20/11/2018,425,425,411.700012,417,409.726196,3431137
21/11/2018,423.799988,427.600006,415.600006,426.600006,419.158722,3735024
22/11/2018,424.799988,433.899994,422.299988,426.600006,419.158722,1937129
23/11/2018,424.299988,430.799988,424.299988,428.799988,421.320343,4682301
26/11/2018,433.899994,437.100006,428.899994,436.200012,428.591278,2163114
27/11/2018,434.899994,439.5,429.299988,434.5,426.920898,2920084
28/11/2018,435,438.200012,432,436.399994,428.787781,2635678
29/11/2018,435.5,444.799988,433,437.299988,429.672058,6721022
30/11/2018,435.399994,441.5,434.200012,438.399994,430.752869,4788023
03/12/2018,445.5,448.799988,435.899994,441.799988,434.093597,6730486
04/12/2018,441.799988,451.700012,429.600006,430.600006,423.088959,7456588
05/12/2018,426.600006,441.399994,426,434.100006,426.527893,4774465
06/12/2018,434.299988,435.799988,412.600006,418.100006,410.806976,10565609
07/12/2018,422.399994,441.299988,422.399994,436.899994,429.279053,5783649
10/12/2018,434.299988,441.5,422.100006,425.700012,418.274445,5095202
11/12/2018,433.600006,434.399994,419.299988,425.399994,417.979675,5945140
12/12/2018,425.899994,443.200012,424.799988,441.200012,433.504059,2952645
13/12/2018,443,450.100006,437.700012,450,442.150543,5842718
14/12/2018,446,451.399994,442.799988,448.299988,440.480194,2873738
17/12/2018,445.5,449.899994,437.5,439.5,431.83371,3559940
18/12/2018,440.799988,450,434.600006,446.899994,439.104614,5174505
19/12/2018,443.600006,451.899994,442.700012,445.200012,437.434296,5513648
20/12/2018,439.700012,458,437.299988,444,436.255219,4625922
21/12/2018,441.899994,446.100006,432.799988,438.799988,431.145935,5940485
24/12/2018,432.899994,441.5,432.899994,438.899994,431.244171,486565
27/12/2018,443.700012,445,428.600006,436.200012,428.591278,5060841
28/12/2018,441.600006,441.600006,430.600006,440.600006,432.91452,19914929
31/12/2018,441.700012,454.799988,440.299988,454.799988,446.866821,2173991
02/01/2019,451,452.799988,441.299988,441.399994,433.700562,3251117
03/01/2019,436.299988,443.100006,432.899994,440.5,434.885284,3689137
04/01/2019,441.700012,449.100006,441.700012,445.799988,440.117706,4753344
07/01/2019,449,449.100006,444.100006,448.399994,442.68457,4758406
08/01/2019,447.899994,457.299988,443.399994,450.700012,444.955292,3758594
09/01/2019,453.600006,458.799988,449,450.200012,444.461639,6240633
10/01/2019,450.5,450.5,443.700012,446.600006,440.907532,5530670
11/01/2019,446.899994,454.399994,446.799988,453.200012,447.423401,3105696
14/01/2019,453.600006,456.799988,445.700012,446.200012,440.512634,3670896
15/01/2019,446.5,450.799988,434.600006,441.799988,436.168701,5294082
16/01/2019,445,452.200012,444.600006,447.5,441.796051,4275998
17/01/2019,444,449.299988,443.600006,445.299988,439.624084,2950106
18/01/2019,445.299988,456.299988,445.299988,453,447.225922,3024745
21/01/2019,454,456.200012,452.5,454.299988,448.509369,1678531
22/01/2019,453.700012,456.399994,448.5,450.399994,444.659058,2093824
23/01/2019,448.700012,460.299988,446.700012,455.899994,450.088989,2823618
24/01/2019,452.100006,460.100006,446.600006,453,447.225922,3121049
25/01/2019,453.299988,461.5,453.299988,455.899994,450.088989,2891929
28/01/2019,455,457.899994,448.799988,452.899994,447.127228,3695702
29/01/2019,453.100006,457.399994,451.200012,454.399994,448.608093,2864924
30/01/2019,452.700012,455.899994,442.899994,452,446.238708,3891563
31/01/2019,451.200012,457.799988,450.200012,457,451.174957,4793925
01/02/2019,456.5,462.899994,452.700012,455.899994,450.088989,5434020
04/02/2019,456.899994,456.899994,444.600006,449.399994,443.671844,4380487
05/02/2019,445,457.5,445,454.799988,449.002991,3922485
06/02/2019,454,454.299988,444.5,450.200012,444.461639,3338611
07/02/2019,446.100006,453.5,446.100006,448.399994,442.68457,2775188
08/02/2019,450.100006,454.100006,446.399994,453.200012,447.423401,3036891
11/02/2019,455.100006,456.399994,452.5,453.700012,447.917023,9235632
12/02/2019,455,459.700012,449.5,450.899994,445.15271,2170555
13/02/2019,451.700012,457.100006,450.899994,452.899994,447.127228,4810917
14/02/2019,453.200012,459.200012,453.200012,458,452.162201,3809469
15/02/2019,458,466.100006,454.200012,454.200012,448.410675,4766303
18/02/2019,454,454.700012,449.799988,454.200012,448.410675,2242171
19/02/2019,452.899994,461,451.899994,460.700012,454.82782,2705763
20/02/2019,458.5,465,457.5,461.600006,455.716339,2977430
21/02/2019,461.399994,465.600006,460.700012,463.700012,457.789551,2676509
22/02/2019,463.200012,467.700012,462.100006,466.5,460.553864,2084114
25/02/2019,465.799988,473.399994,464.600006,473.399994,467.365906,4506919
26/02/2019,468.899994,476.399994,468.700012,475.299988,469.241699,7024136
27/02/2019,473.5,473.5,465.799988,472.899994,466.872284,3933864
28/02/2019,472.700012,479.799988,470.200012,475.700012,469.636627,5239775
01/03/2019,475.399994,478.899994,470.5,476.5,470.426392,3200921
04/03/2019,479.600006,482.600006,476.799988,477,470.920013,3084780
05/03/2019,475.5,478,473.100006,477,470.920013,4080393
06/03/2019,475.100006,479.100006,473.700012,474.799988,468.748047,4574236
07/03/2019,473.899994,479.600006,467.799988,475.600006,469.537872,3449980
08/03/2019,471.700012,478.700012,471,477.100006,471.018768,2743910
11/03/2019,477.700012,477.799988,467.299988,469.100006,463.120728,4190109
12/03/2019,466,473.899994,464.700012,471.700012,465.687592,3630404
13/03/2019,469.700012,480.600006,469.100006,477.799988,471.709808,3826200
14/03/2019,478.700012,497,478.200012,497,490.6651,4989994
15/03/2019,495.100006,506.399994,495.100006,504.600006,498.168243,7937340
18/03/2019,503.799988,508.399994,495.600006,500.799988,494.416656,4686366
19/03/2019,500.799988,505.399994,498.799988,505.399994,498.958038,2688322
20/03/2019,506.200012,515.400024,504,505.399994,498.958038,3961223
21/03/2019,508,511.600006,501.200012,510,503.49942,4031584
22/03/2019,511.200012,513.200012,508,512.200012,505.671387,4454108
25/03/2019,511.399994,512.799988,504.600006,512.599976,506.066254,4098081
26/03/2019,513.799988,517.599976,511.799988,516,509.422913,3813572
27/03/2019,517.400024,522.599976,515.799988,519.599976,512.97699,4347847
28/03/2019,521.400024,527.799988,520.200012,525.799988,519.097961,2733646
29/03/2019,525.599976,528.400024,519,521.599976,514.951538,4457463
01/04/2019,521.400024,525.599976,519,521.400024,514.754089,3472485
02/04/2019,523,524.400024,516.799988,520.599976,513.964233,3955045
03/04/2019,518.599976,527.599976,518.599976,526.400024,519.69043,4292761
04/04/2019,528,528.599976,524.400024,528.200012,521.467468,2712157
05/04/2019,527.200012,532.599976,527.200012,531.400024,524.626648,2663727
08/04/2019,531.400024,532.799988,527.400024,529,522.257263,3047498
09/04/2019,522,538.200012,521.599976,531.799988,525.021545,4265135
10/04/2019,532.799988,533.799988,524.400024,533.799988,526.996033,3736890
11/04/2019,535.200012,545,534.799988,541,534.104248,3666788
12/04/2019,545,549.200012,542,545.599976,538.64563,5924564
15/04/2019,546.599976,548,542.200012,545.200012,538.250732,2993850
16/04/2019,545.200012,559.599976,545.200012,557.400024,550.295288,3395311
17/04/2019,559.400024,560.200012,541,546.599976,539.632874,4766567
18/04/2019,546.799988,556.200012,546.400024,551.599976,544.569153,3896741
23/04/2019,554.799988,568.400024,554.799988,568.400024,561.155029,5413831
24/04/2019,568,570.799988,562.200012,569.799988,562.53717,6228024
25/04/2019,571.400024,576.400024,567,575.200012,567.868408,8474403
26/04/2019,575.200012,582,572.599976,579.799988,572.409668,4142437
29/04/2019,577,578.599976,569.799988,570,562.734619,3186042
30/04/2019,572.799988,574.799988,564,565.400024,558.193298,3944071
01/05/2019,569,572.200012,567.799988,570.599976,563.326965,1438678
02/05/2019,565.200012,572,563.400024,570,562.734619,2317735
03/05/2019,572.599976,577.200012,571,576,568.658203,2551453
07/05/2019,577.200012,584.599976,571.599976,574.200012,566.881104,3213229
08/05/2019,572.200012,580,571.200012,576.400024,569.05304,2716842
09/05/2019,576.400024,581.799988,574.400024,580.400024,573.002136,2280010
10/05/2019,572.200012,579.799988,569,572.200012,564.906616,2282112
13/05/2019,571,574.599976,566.200012,569,561.747375,3074510
14/05/2019,569.799988,575,567.200012,569.599976,562.339722,4270940
15/05/2019,566,593.200012,566,591.400024,583.861877,4981461
16/05/2019,590.799988,595.599976,587.200012,591.200012,583.664368,4655908
17/05/2019,589.599976,592.400024,578.799988,585.200012,577.740906,2975531
20/05/2019,581.400024,585,578.599976,579.599976,572.21228,6245605
21/05/2019,580.400024,589,578.799988,587.799988,580.307739,3546322
22/05/2019,590,594.200012,583,594.200012,586.62616,3606960
23/05/2019,590,592.599976,577.799988,581.200012,573.79187,2551623
24/05/2019,581,597.400024,581,597.400024,589.7854,3474922
28/05/2019,594.799988,601.400024,585.200012,598.599976,590.970032,5837745
29/05/2019,595.400024,599.599976,586.400024,589.400024,581.887329,2766990
30/05/2019,588.200012,600,586.400024,597,589.390503,2554065
31/05/2019,594.599976,599.400024,591,599.400024,591.759888,4938173
03/06/2019,595.200012,597,573.799988,579.400024,572.014832,5119384
04/06/2019,575.799988,593,573,579.200012,571.817383,5135609
05/06/2019,586,596.400024,583.200012,587.400024,579.912903,5228527
06/06/2019,579.200012,590,571.200012,585,577.543396,7771845
07/06/2019,589,596.400024,586,596.400024,588.798157,5606467
10/06/2019,599.599976,600.400024,590,598.200012,590.575256,3032611
11/06/2019,599,606.799988,596.400024,606,598.275757,5394738
12/06/2019,596.799988,600.200012,584,591.599976,584.059265,7402308
13/06/2019,592.400024,594.799988,579,580.200012,572.804626,11439779
14/06/2019,579.799988,579.799988,557.599976,561.400024,554.244263,12649699
17/06/2019,561.400024,564.799988,557.400024,564.799988,557.600891,5841126
18/06/2019,563.599976,576.200012,561,572,564.709106,5160593
19/06/2019,570.799988,574,557.200012,571.200012,563.919373,5839514
20/06/2019,573.599976,576.200012,565.799988,565.799988,558.588135,5192185
21/06/2019,569,570,560.599976,562.200012,555.034058,8547697
24/06/2019,562,569.400024,560.799988,560.799988,553.651917,4108145
25/06/2019,559,563,558,563,555.823853,7724720
26/06/2019,559.799988,568.400024,559.799988,566,558.785645,8171987
27/06/2019,564,564,548,548,541.015015,6993432
28/06/2019,549,551.200012,544,547.799988,540.817627,9569052
01/07/2019,554.599976,555.799988,547,552.599976,545.556396,5145386
02/07/2019,547.799988,548.400024,539,539,532.129761,5749670
03/07/2019,542.599976,554,539.799988,554,546.938599,5877098
04/07/2019,554,557.799988,544,552.200012,545.16156,2452453
05/07/2019,552.799988,556.400024,550,552.799988,545.753845,3953357
08/07/2019,552.799988,558,549.599976,552.799988,545.753845,5679999
09/07/2019,555.200012,560,550.799988,558.400024,551.282532,4414659
10/07/2019,560.400024,566.200012,556.200012,561.400024,554.244263,3489698
11/07/2019,565,566.599976,557.200012,557.200012,550.097778,4180806
12/07/2019,557,559.400024,547.599976,551.599976,544.569153,4858150
15/07/2019,552.599976,561.400024,550.599976,560.200012,553.059509,2710315
16/07/2019,559.799988,562.200012,548.799988,550,542.989563,3070009
17/07/2019,549.200012,555.200012,544.599976,552,544.96405,5533132
18/07/2019,548.200012,554.200012,546,549.799988,542.792053,2915551
19/07/2019,551.799988,556.599976,544.599976,544.599976,537.658325,3122208
22/07/2019,543.400024,553,542.200012,544,537.06604,4387577
23/07/2019,545.400024,546.400024,527.200012,531.400024,524.626648,7265452
24/07/2019,531.200012,541,529.799988,535.599976,528.773071,4270714
25/07/2019,537.799988,539.599976,526.200012,529.400024,522.652161,6069940
26/07/2019,531.599976,536.200012,524.799988,535,528.180725,3787797
29/07/2019,533.400024,545.799988,532.599976,539.400024,532.524719,3495013
30/07/2019,541.799988,545.599976,536.799988,538.200012,531.339966,2445791
31/07/2019,537.200012,544.799988,532,541.799988,534.894043,10597517
01/08/2019,544.400024,544.400024,533.799988,538,531.142517,2739137
02/08/2019,533.799988,533.799988,521.200012,526.200012,519.49292,4224948
05/08/2019,522.400024,540.495972,510.799988,513.400024,506.85611,3418445
06/08/2019,512.599976,516.599976,507.799988,510.399994,503.894318,3591519
07/08/2019,511.200012,520.200012,509.600006,520.200012,513.569397,3368649
08/08/2019,521,530.400024,519.400024,530,523.244507,2922578
09/08/2019,530,539.400024,529.599976,535.200012,528.378235,4851786
12/08/2019,535.200012,540.599976,529.400024,538,531.142517,4787154
13/08/2019,534.599976,535.599976,516.200012,524,517.320923,3875583
14/08/2019,520.200012,525.799988,508.200012,520.599976,513.964233,5834431
15/08/2019,521.400024,525.599976,513.799988,517,510.410156,7117941
16/08/2019,524.400024,526.599976,515.400024,525.200012,518.505676,2397645
19/08/2019,525.799988,529.799988,523,524.400024,517.715881,1800638
20/08/2019,525.599976,531.599976,523.400024,525,518.308167,3271963
21/08/2019,526.799988,536.200012,526.599976,533.400024,526.601196,2705687
22/08/2019,532,533.400024,523,523.799988,517.123535,2820506
23/08/2019,525.200012,534.799988,524.799988,525,518.308167,1868362
27/08/2019,521.400024,535.200012,515.200012,535.200012,528.378235,4510362
28/08/2019,533.400024,536.200012,523.799988,526,519.295471,3578357
29/08/2019,524,532.859985,520.799988,528.200012,526.068054,2554498
30/08/2019,528.400024,535,526.799988,531.599976,529.454285,3045672
02/09/2019,533.799988,536.400024,531.599976,532.599976,530.450256,3448091
03/09/2019,534,534,503.011993,508.600006,506.54715,4752198
04/09/2019,507.799988,521.997986,507.799988,510.200012,508.140686,5097071
05/09/2019,512.799988,520.599976,511,516.400024,514.315674,4071658
06/09/2019,517.200012,522.599976,515.799988,519.200012,517.10437,3212799
09/09/2019,519.400024,521.799988,516.400024,517,514.913208,2801511
10/09/2019,514.400024,516.400024,497.899994,502.799988,500.770538,5685311
11/09/2019,505.600006,520.799988,505.399994,514.799988,512.722107,4824283
12/09/2019,518.200012,522.799988,513.799988,519.599976,517.502686,3520277
13/09/2019,517.799988,528.599976,516,528.200012,526.068054,2475170
16/09/2019,523.599976,527.799988,512.400024,515.200012,513.120483,2862584
17/09/2019,515.200012,523.599976,508.600006,522.200012,520.092224,1846139
18/09/2019,521.200012,525.200012,516.799988,524.200012,522.084167,2876013
19/09/2019,527.400024,530,518,518,515.90918,2539770
20/09/2019,515.799988,531,515.799988,520.400024,518.2995,6407510
23/09/2019,518.200012,523,517.080994,517.799988,515.709961,4484813
24/09/2019,517.400024,518.400024,497.600006,498.5,496.487915,4857937
25/09/2019,499.899994,500.799988,490.200012,500.399994,498.380219,4182232
26/09/2019,501,510.399994,499.600006,508.799988,506.746307,2282775
27/09/2019,508.799988,515,506.399994,511.799988,509.734192,2527299
30/09/2019,507.600006,514,506,510,507.941498,3783869
01/10/2019,514.200012,526.200012,510,515.400024,513.319702,3359278
02/10/2019,511.799988,513.400024,495.700012,498,495.989929,3348764
03/10/2019,494.700012,500.399994,484.100006,484.899994,482.94278,3209635
04/10/2019,485,494.100006,484,488,486.030273,2772651
07/10/2019,490.5,490.5,480.5,488.399994,486.42865,2579941
08/10/2019,491,492.5,483.5,485.5,483.540375,2045009
09/10/2019,484.600006,487,479.100006,481.600006,479.656128,3013142
10/10/2019,484.899994,491.299988,476.200012,490.899994,488.918579,3316937
11/10/2019,488.899994,555.599976,488.899994,539.599976,537.421997,11123119
14/10/2019,535.799988,555.599976,491.118988,522.599976,520.490601,5015394
15/10/2019,530,556.200012,525.400024,550.400024,548.178467,17990651
16/10/2019,547,549,520.799988,535.400024,533.239014,6464673
17/10/2019,535,550.541016,528.599976,537.799988,535.629272,5194344
18/10/2019,537.799988,541.799988,528.799988,530,527.860779,3903565
21/10/2019,530.200012,551.599976,526.599976,551,548.776001,5739751
22/10/2019,549.799988,561.799988,549.025024,554,551.763916,4425727
23/10/2019,549,561,535,560.400024,558.138062,5286610
24/10/2019,558.599976,566,554.200012,561,558.735657,4505166
25/10/2019,558.200012,567,554.599976,565.599976,563.317017,2530705
28/10/2019,565.599976,570,555.002014,564.799988,562.520264,3381110
29/10/2019,567.799988,568,560,563.599976,561.325134,4081224
30/10/2019,560,565,557.200012,562.400024,560.130005,2009871
31/10/2019,562.400024,566.400024,559.200012,562.200012,559.930786,2155454
01/11/2019,561.599976,561.599976,542.599976,544.200012,542.003479,4013037
04/11/2019,543.400024,554.400024,541.400024,546,543.796204,3796153
05/11/2019,551,551,542.200012,542.200012,540.011536,2578142
06/11/2019,544,549.799988,540.799988,548.799988,546.584839,4740976
07/11/2019,590.400024,595,543.599976,547,544.792114,9535966
08/11/2019,544.799988,548.200012,533.799988,534.200012,532.043823,2725685
11/11/2019,531,544.799988,523.200012,535,532.840576,3484208
12/11/2019,538.200012,541.799988,525,536.599976,534.434082,4768649
13/11/2019,535.400024,539,527.200012,537,534.83252,2428487
14/11/2019,539.200012,539.200012,519.599976,529,526.864807,4045359
15/11/2019,529,535.400024,524.200012,535.400024,533.239014,2597513
18/11/2019,537,548.400024,532.599976,538.599976,536.426025,2842816
19/11/2019,541.799988,547.599976,534.599976,536.200012,534.035767,2891313
20/11/2019,531.200012,539.799988,529,539,536.824402,3315102
21/11/2019,534.599976,534.599976,524.599976,531.799988,529.653503,3354921
22/11/2019,533.599976,542.599976,529.599976,539.799988,537.621216,3032216
25/11/2019,541.599976,545.200012,537,540.400024,538.218811,3007805
26/11/2019,543.599976,551,540,548.400024,546.186523,11851663
27/11/2019,553.400024,564.599976,551.400024,564.599976,562.321106,4230607
28/11/2019,565,573.599976,561,570.200012,567.898499,2982189
29/11/2019,564,569.599976,561.599976,562,559.731567,3865536
02/12/2019,565.599976,575.400024,560,568.400024,566.105774,6311741
03/12/2019,572.599976,577.599976,555.34198,557.200012,554.950989,3683071
04/12/2019,559,561.400024,553.599976,557.599976,555.349304,5298949
05/12/2019,561.400024,561.400024,549.400024,555.599976,553.357422,3131741
06/12/2019,555.400024,561,555.400024,561,558.735657,3019844
09/12/2019,560,563.200012,554,561.599976,559.333191,2914969
10/12/2019,562.200012,562.200012,551.400024,554,551.763916,3766059
11/12/2019,554,556,532.599976,537.400024,535.230896,17390158
12/12/2019,536.400024,540.400024,530.400024,537,534.83252,2697305
13/12/2019,575,597.200012,566.400024,573.799988,571.483948,7024972
16/12/2019,579.799988,607.799988,576,596.799988,594.391113,5875855
17/12/2019,597.799988,602,590.400024,595.599976,593.195923,4429388
18/12/2019,595.599976,599.599976,586.599976,592.200012,589.809692,3743029
19/12/2019,591.200012,601.799988,585.400024,601.799988,599.370911,6348841
20/12/2019,601.799988,604.948975,594.400024,594.400024,592.000854,3757493
23/12/2019,592.599976,602.599976,592.599976,598.400024,595.98468,1724277
24/12/2019,600.799988,601.400024,595,598.400024,595.98468,376716
27/12/2019,605,613.799988,602.400024,607.599976,605.147522,1297103
30/12/2019,609.599976,612,603.599976,603.599976,601.163635,2965365
31/12/2019,603.599976,606.200012,592,594.599976,592.200012,1013071
02/01/2020,603.200012,604.799988,591.400024,594,594,2082021
03/01/2020,591,591,583.400024,584.599976,584.599976,2058137
06/01/2020,579,582,574.400024,577,577,3866707
07/01/2020,580.599976,583.599976,570,570,570,2715837
08/01/2020,563.200012,571.200012,554,558.200012,558.200012,5206957
09/01/2020,559.599976,569.599976,558,563.200012,563.200012,3758277
10/01/2020,571,571,561.200012,566.200012,566.200012,1592179
13/01/2020,566.799988,576.400024,562.400024,575,575,3578136
14/01/2020,573.599976,582,572.799988,578,578,2700358
15/01/2020,573.400024,578.599976,565.400024,568.599976,568.599976,4107766
16/01/2020,570.799988,570.799988,556,562.599976,562.599976,3618498
17/01/2020,566.200012,576.400024,564.400024,573.400024,573.400024,2524881
20/01/2020,582.400024,590.599976,579.599976,583.599976,583.599976,2573151
21/01/2020,579.200012,594.200012,574.200012,591.599976,591.599976,3065569
22/01/2020,595.200012,599,582.799988,584.200012,584.200012,2652549
23/01/2020,584.799988,586.599976,575.799988,575.799988,575.799988,2322098
24/01/2020,586.400024,609.200012,581.853027,595.599976,595.599976,3020990
27/01/2020,588.799988,589,573.799988,576.200012,576.200012,2804736
28/01/2020,578.200012,583.400024,572.400024,578.400024,578.400024,1808197
29/01/2020,581,584,574.599976,578.200012,578.200012,2386222
30/01/2020,572.799988,585.400024,572,581,581,3915336
31/01/2020,585.400024,585.599976,562,562,562,3966211
03/02/2020,568,583.200012,567,579.200012,579.200012,3012534
04/02/2020,584,594.400024,579.599976,591.200012,591.200012,2967856
05/02/2020,591.200012,599.200012,581,582,582,10717463
06/02/2020,585.799988,589.200012,580.400024,587.799988,587.799988,2973413
07/02/2020,585.400024,587.599976,575.400024,578.200012,578.200012,2499354
10/02/2020,572,580.599976,572,580.200012,580.200012,2330807
